Wavelength (nm),Blue,Green,Yellow,Orange,Red,Ultraviolet,Infrared
350.0,164.79,165.79,162.14,162.25,162.91,165.03,155.52
351.0,161.61,160.95,161.11,160.03,161.71,154.63,147.91
352.0,167.62,161.43,168.34,163.16,159.39,150.34,145.76
353.0,167.61,167.23,162.96,159.3,160.46,151.62,150.3
354.0,161.98,163.02,162.24,158.45,159.03,154.91,148.49
355.0,163.71,164.69,167.08,164.91,159.14,161.53,150.58
356.0,164.68,168.69,163.17,156.94,162.39,159.92,149.79
357.0,165.24,166.33,165.46,160.45,156.85,158.42,147.93
358.0,164.69,167.72,158.89,157.65,157.43,150.06,149.06
359.0,165.02,164.06,158.19,157.92,160.02,154.86,150.05
360.0,164.22,162.07,162.64,163.08,164.28,152.49,150.09
361.0,161.53,167.55,160.6,164.96,159.92,153.91,148.95
362.0,161.06,163.94,161.04,164.01,159.99,150.04,144.01
363.0,163.22,166.6,163.7,161.75,158.79,149.39,147.06
364.0,165.15,164.73,165.1,161.76,162.79,159.68,148.87
365.0,170.14,165.13,162.86,161.48,161.49,154.47,150.63
366.0,164.7,165.29,161.85,160.69,165.16,158.82,152.55
367.0,166.87,166.7,166.25,163.5,160.01,158.23,148.29
368.0,172.06,162.21,163.59,166.71,164.94,161.09,155.38
369.0,167.12,163.69,163.5,161.96,164.36,153.58,153.68
370.0,165.94,167.32,162.69,161.75,162.65,156.11,147.7
371.0,162.52,165.65,164.86,164.31,161.75,150.93,152.77
372.0,164.0,165.75,166.18,161.24,171.67,158.56,148.07
373.0,166.06,164.79,165.97,159.92,163.51,155.42,144.59
374.0,165.95,163.42,163.88,161.51,164.59,172.09,155.45
375.0,166.01,169.98,162.01,162.02,163.98,155.06,155.0
376.0,166.68,165.04,159.09,165.48,165.9,162.83,150.37
377.0,165.1,166.59,164.9,160.78,163.49,151.47,151.88
378.0,162.86,165.72,163.25,162.1,163.71,151.38,154.09
379.0,167.01,166.08,167.57,162.22,161.75,152.73,153.6
380.0,169.59,164.3,166.23,159.15,164.78,158.31,149.72
381.0,166.44,168.43,166.82,164.33,167.1,160.79,152.75
382.0,166.2,165.83,168.86,162.78,161.24,159.34,152.66
383.0,167.76,164.69,163.68,161.3,165.19,161.57,151.78
384.0,164.64,163.04,166.25,160.33,164.94,167.62,154.02
385.0,168.04,170.02,165.07,166.02,159.96,162.01,152.03
386.0,171.18,167.82,168.35,163.62,166.25,162.24,150.84
387.0,169.47,166.7,163.92,161.98,160.34,163.52,147.47
388.0,167.62,163.94,165.9,164.21,166.06,177.24,148.24
389.0,165.01,168.88,168.24,164.95,165.08,176.36,155.44
390.0,168.31,171.28,168.3,163.65,170.58,193.79,149.17
391.0,169.6,170.05,168.59,165.52,169.04,206.1,151.43
392.0,172.52,169.91,163.0,169.81,164.91,227.63,155.36
393.0,171.84,169.27,167.07,165.68,164.81,234.75,154.5
394.0,167.56,165.93,165.91,162.28,161.95,256.05,148.21
395.0,169.19,171.87,164.88,163.07,166.04,284.44,148.04
396.0,166.68,169.22,167.11,161.12,164.79,325.16,149.06
397.0,169.99,172.58,161.52,166.34,168.75,369.75,151.35
398.0,169.49,175.48,166.77,159.42,164.52,431.52,153.02
399.0,166.42,169.1,163.48,169.11,165.23,484.21,147.99
400.0,174.82,167.82,167.01,155.93,167.38,588.21,152.76
401.0,168.25,166.98,169.26,167.57,164.95,685.43,150.5
402.0,171.0,174.01,165.99,167.99,167.01,827.91,154.01
403.0,173.9,173.1,167.69,168.41,170.67,969.91,152.47
404.0,168.89,168.36,171.78,164.36,161.01,1137.57,151.34
405.0,172.13,169.89,168.14,164.99,169.86,1287.75,150.87
406.0,169.34,178.34,162.57,166.82,162.63,1516.78,150.56
407.0,170.06,173.26,162.68,163.54,168.13,1627.91,154.58
408.0,169.81,175.94,166.35,165.44,164.23,1659.45,150.25
409.0,167.0,172.98,167.0,165.99,164.99,1701.78,151.98
410.0,172.2,176.28,172.16,168.14,181.84,1774.78,174.53
411.0,167.65,176.82,164.54,165.96,165.2,1502.56,154.95
412.0,172.47,175.34,168.49,169.77,165.7,1346.23,146.14
413.0,165.43,170.37,168.73,163.71,159.77,1201.45,148.71
414.0,169.84,172.23,168.2,171.75,166.42,1026.15,151.34
415.0,168.71,172.35,167.28,163.95,161.72,890.86,147.38
416.0,175.03,175.01,163.97,162.03,167.03,783.24,151.1
417.0,169.95,176.76,170.27,163.33,166.55,685.46,155.68
418.0,175.37,177.72,169.83,165.84,165.15,655.85,151.74
419.0,174.0,178.15,163.17,162.82,165.63,615.92,146.94
420.0,175.54,171.66,169.1,166.58,169.66,585.83,152.61
421.0,176.22,178.55,169.18,166.46,167.5,544.39,152.14
422.0,173.33,176.03,167.52,165.88,162.01,507.77,151.65
423.0,173.18,181.19,163.74,165.11,167.72,459.49,152.05
424.0,174.8,173.45,172.17,168.06,168.97,427.28,145.78
425.0,175.02,183.61,167.98,165.42,168.35,415.77,153.07
426.0,177.94,174.55,164.26,168.14,164.09,357.12,154.02
427.0,176.99,174.99,167.04,161.98,166.99,320.03,149.02
428.0,185.8,178.09,168.14,169.0,166.92,302.11,153.05
429.0,186.04,181.26,167.54,164.45,166.36,282.87,150.52
430.0,187.65,174.08,164.27,164.17,162.31,267.78,147.64
431.0,192.67,179.96,164.78,165.88,168.08,268.13,157.04
432.0,195.77,174.3,169.78,167.52,164.85,244.7,156.32
433.0,200.77,182.89,169.15,165.43,169.49,231.71,150.28
434.0,201.83,181.15,162.09,165.81,164.65,239.52,148.94
435.0,210.67,170.9,167.15,162.32,162.67,225.96,151.48
436.0,219.35,177.8,169.25,165.98,167.44,236.33,153.15
437.0,235.28,177.26,168.91,164.78,168.27,218.29,154.63
438.0,243.85,179.01,170.1,169.99,169.15,233.1,154.28
439.0,257.2,178.07,169.86,165.92,164.28,189.0,150.71
440.0,282.62,177.53,167.3,167.95,169.23,187.18,148.01
441.0,292.05,171.47,166.42,168.61,167.55,180.22,151.32
442.0,318.84,172.02,163.98,164.06,167.14,186.59,151.05
443.0,360.57,173.68,166.76,165.85,169.33,178.63,148.64
444.0,381.66,175.79,170.73,168.05,169.28,182.0,151.64
445.0,425.76,177.79,167.84,168.68,167.82,193.43,154.86
446.0,470.63,174.85,165.88,166.11,164.87,167.19,147.67
447.0,508.65,170.28,164.69,168.05,163.37,169.1,150.36
448.0,583.79,174.36,166.69,168.58,167.45,168.21,152.34
449.0,672.44,174.08,162.5,167.31,159.79,168.81,150.05
450.0,769.91,175.89,166.07,165.78,166.17,173.44,151.31
451.0,874.55,173.66,170.23,168.08,162.75,168.92,151.39
452.0,1010.35,172.07,163.83,166.34,164.09,162.12,152.49
453.0,1167.52,167.65,165.96,168.58,164.56,167.46,155.52
454.0,1344.48,167.86,170.65,167.66,162.91,164.63,150.75
455.0,1557.33,170.97,168.12,163.19,168.75,172.32,147.34
456.0,1814.0,174.33,166.89,169.25,166.31,159.15,146.8
457.0,2091.86,171.19,166.67,163.4,168.26,155.84,148.63
458.0,2378.55,170.36,167.71,165.05,172.04,175.44,155.29
459.0,2724.52,172.7,168.77,170.56,171.7,209.67,157.49
460.0,3002.34,175.01,167.93,170.09,166.01,159.5,151.53
461.0,3163.18,170.53,170.03,166.6,167.29,178.8,153.18
462.0,3434.12,170.8,171.08,164.42,165.23,169.16,152.31
463.0,3606.76,171.46,167.44,168.82,161.3,159.84,148.88
464.0,3863.6,169.63,170.46,167.53,165.91,164.28,152.37
465.0,4065.1,170.59,167.67,167.75,163.3,170.01,150.84
466.0,4072.87,172.39,166.44,165.06,165.17,157.67,151.84
467.0,4093.94,171.71,169.45,163.52,163.95,166.4,155.2
468.0,4040.37,178.15,166.16,167.68,162.97,159.24,154.23
469.0,3928.81,169.51,167.02,165.96,166.05,160.33,147.68
470.0,3783.26,175.38,166.98,168.11,164.06,160.01,148.09
471.0,3560.77,169.16,168.85,165.02,166.99,160.15,148.06
472.0,3444.04,175.64,169.96,167.93,163.37,166.18,148.89
473.0,3243.41,180.21,167.99,162.43,167.7,165.03,148.8
474.0,3044.38,187.11,166.82,167.65,166.07,161.8,151.98
475.0,2830.67,179.29,165.38,164.95,167.33,156.02,152.94
476.0,2687.22,181.0,169.58,164.8,163.14,164.24,151.96
477.0,2501.31,181.18,170.67,163.98,166.87,159.27,151.52
478.0,2348.68,183.02,167.99,165.98,166.03,164.96,149.02
479.0,2236.82,178.32,164.59,167.65,167.88,174.43,149.97
480.0,2128.96,189.37,172.44,165.33,163.36,166.04,150.88
481.0,2040.31,190.86,168.02,165.21,165.35,156.87,148.48
482.0,1976.78,193.08,166.86,161.21,167.99,165.95,152.04
483.0,1878.87,203.58,170.28,167.74,169.99,196.84,161.34
484.0,1802.52,208.98,168.15,164.17,170.44,170.73,151.51
485.0,1708.28,212.52,166.98,170.08,164.25,171.31,153.75
486.0,1595.87,217.69,167.93,165.97,167.51,170.65,152.4
487.0,1469.82,234.85,166.0,164.08,163.4,162.22,147.94
488.0,1364.58,241.42,164.82,165.5,165.85,170.8,149.08
489.0,1268.41,253.39,168.0,160.25,165.94,168.07,148.43
490.0,1155.34,266.82,170.14,164.82,170.01,201.9,158.21
491.0,1086.13,284.92,167.0,162.0,164.97,173.03,151.0
492.0,998.2,299.73,169.11,164.61,159.98,171.35,150.47
493.0,933.59,321.84,166.66,164.81,163.11,161.22,151.65
494.0,855.41,345.42,165.14,167.21,165.48,163.88,148.8
495.0,791.0,383.18,164.52,161.43,159.06,158.84,149.07
496.0,741.06,405.59,167.39,160.94,162.79,164.93,148.74
497.0,679.98,452.38,171.02,167.46,168.35,168.9,152.52
498.0,637.33,492.72,171.01,169.65,160.09,156.46,148.54
499.0,607.26,537.45,164.23,161.4,159.42,155.61,151.39
500.0,568.2,597.61,162.94,163.01,164.07,162.25,152.98
501.0,537.67,645.15,165.89,167.92,161.1,162.48,151.98
502.0,513.05,736.31,170.06,162.76,160.99,160.25,150.29
503.0,483.3,804.28,167.45,166.04,165.78,164.63,149.88
504.0,451.67,901.22,164.86,160.46,161.95,160.59,150.98
505.0,422.46,993.25,167.56,164.04,165.54,155.13,149.98
506.0,394.25,1125.28,166.6,163.64,162.83,159.01,150.6
507.0,375.26,1241.7,165.19,164.27,160.44,160.31,151.19
508.0,345.25,1400.0,166.73,164.51,161.98,156.03,150.96
509.0,340.72,1548.47,165.04,165.03,163.11,170.06,151.0
510.0,309.63,1733.87,165.97,168.44,163.32,157.66,149.22
511.0,293.01,1934.6,167.34,167.89,165.13,166.4,154.45
512.0,286.42,2132.44,167.9,168.89,171.69,197.08,154.73
513.0,275.16,2336.82,168.18,163.64,168.55,166.53,150.33
514.0,266.02,2567.9,167.96,164.96,170.99,179.29,154.93
515.0,252.91,2760.11,169.16,163.44,163.46,160.67,151.07
516.0,247.96,2980.43,166.83,165.5,165.55,166.27,150.8
517.0,233.64,3194.55,165.97,162.89,163.84,158.81,152.57
518.0,233.45,3373.11,169.44,169.51,171.63,204.38,163.02
519.0,229.56,3566.79,165.69,164.98,161.69,150.2,150.17
520.0,226.09,3692.04,165.21,165.54,163.85,156.92,147.35
521.0,219.51,3838.05,164.09,164.41,162.03,147.78,146.38
522.0,212.99,3950.28,163.83,164.2,166.12,156.44,150.65
523.0,213.84,3980.92,169.09,166.19,161.83,153.44,151.96
524.0,205.24,4032.79,165.82,164.0,161.98,155.99,151.69
525.0,205.5,4019.94,167.99,166.7,160.99,155.13,149.95
526.0,201.16,3932.99,166.46,166.58,161.02,174.5,157.28
527.0,194.13,3904.21,165.72,164.29,161.53,155.31,152.65
528.0,195.82,3804.79,163.1,162.98,165.21,158.89,153.17
529.0,192.9,3698.43,167.32,163.47,165.78,154.42,152.74
530.0,190.3,3602.32,170.07,168.78,161.77,157.13,152.78
531.0,193.32,3463.15,163.28,166.43,165.21,158.18,154.62
532.0,187.34,3308.1,167.95,159.14,162.44,158.13,150.38
533.0,185.68,3203.11,167.0,168.06,163.65,156.4,153.98
534.0,188.28,3044.04,163.94,166.62,162.14,156.18,148.93
535.0,188.12,2900.73,166.65,165.35,161.16,154.09,152.15
536.0,183.97,2773.81,161.96,165.76,162.22,163.31,153.47
537.0,180.44,2648.18,170.21,164.85,163.07,171.36,155.46
538.0,176.0,2530.51,164.44,162.97,164.29,159.28,148.91
539.0,183.0,2409.72,162.85,163.94,163.96,156.95,151.01
540.0,181.68,2299.33,167.93,162.52,164.35,159.13,150.37
541.0,176.86,2187.44,169.35,167.2,165.85,174.28,150.15
542.0,179.87,2068.59,169.38,162.9,166.78,176.08,151.05
543.0,178.37,1984.6,164.47,165.96,165.04,168.85,148.96
544.0,178.05,1865.74,166.17,164.93,166.2,170.34,152.17
545.0,175.72,1774.61,168.67,166.07,164.4,174.02,156.3
546.0,167.8,1673.92,168.3,159.35,166.05,178.41,148.49
547.0,175.73,1581.21,167.41,162.24,162.8,164.21,150.13
548.0,175.42,1488.94,166.54,159.31,165.19,165.52,151.51
549.0,171.14,1399.57,171.43,160.74,161.99,161.55,149.84
550.0,174.99,1323.75,168.01,167.21,160.05,166.78,148.59
551.0,172.91,1236.22,170.65,164.32,171.77,178.05,156.55
552.0,172.86,1173.37,171.13,162.61,163.45,162.23,147.71
553.0,171.03,1077.51,169.44,160.8,159.75,155.37,151.84
554.0,173.37,996.33,177.37,163.37,164.7,158.56,150.76
555.0,171.83,963.45,180.07,167.93,146.81,163.64,153.76
556.0,173.07,875.53,186.23,165.88,162.57,155.94,146.49
557.0,172.81,829.4,187.05,162.52,162.83,159.83,154.02
558.0,172.42,775.4,190.67,165.64,160.11,152.74,148.56
559.0,167.52,732.15,203.53,164.55,165.6,154.23,143.43
560.0,172.31,684.91,209.18,164.24,164.45,157.02,148.55
561.0,173.03,643.92,217.99,166.04,169.01,162.12,148.99
562.0,168.01,610.02,229.25,157.35,164.96,156.01,148.38
563.0,166.69,562.88,236.65,167.1,168.38,152.68,148.08
564.0,172.26,552.17,247.51,163.76,167.18,162.16,154.65
565.0,169.59,517.42,266.34,166.47,163.99,153.89,144.07
566.0,171.37,490.74,282.24,165.12,159.86,153.4,152.19
567.0,168.98,465.0,297.01,162.0,160.99,153.02,150.0
568.0,170.87,447.56,321.05,161.78,165.91,161.05,148.06
569.0,168.39,430.2,339.22,167.4,160.57,160.31,148.02
570.0,167.32,415.13,361.55,163.11,164.4,162.3,150.2
571.0,172.19,399.8,398.78,166.94,164.21,162.54,148.96
572.0,170.11,380.53,426.74,168.08,162.82,153.95,150.19
573.0,170.93,361.03,468.13,166.98,159.94,155.81,145.93
574.0,169.75,352.79,516.73,167.91,162.68,146.29,148.95
575.0,168.92,335.71,566.55,166.91,165.3,155.08,147.65
576.0,165.24,330.17,620.12,176.04,166.75,156.81,149.94
577.0,169.86,317.94,693.57,170.1,167.9,191.49,157.49
578.0,168.58,306.15,767.18,172.2,162.22,156.76,147.07
579.0,165.02,297.29,834.15,177.53,163.01,158.09,150.96
580.0,163.79,290.77,954.43,172.12,164.69,153.06,150.12
581.0,165.37,277.24,1088.94,175.75,168.66,181.96,157.2
582.0,166.08,270.93,1245.03,172.19,166.82,160.31,149.17
583.0,167.33,265.73,1385.79,183.23,166.49,162.63,152.74
584.0,169.35,253.98,1535.69,183.47,168.29,173.89,159.14
585.0,170.16,256.41,1743.66,187.45,167.44,172.72,155.24
586.0,165.0,244.01,2012.87,190.0,163.0,158.99,149.0
587.0,172.71,235.44,2244.76,191.56,164.01,155.79,147.36
588.0,169.73,231.91,2559.4,196.91,163.25,162.52,154.71
589.0,167.84,224.36,2873.41,202.34,169.29,167.14,153.53
590.0,168.47,217.88,3149.59,202.7,168.23,161.01,150.08
591.0,168.44,219.09,3440.68,207.31,165.48,154.43,147.35
592.0,168.54,219.77,3759.44,217.93,167.49,154.56,147.42
593.0,165.0,212.24,4001.73,221.94,174.04,160.31,154.05
594.0,164.73,208.86,4093.2,233.71,171.66,157.54,146.73
595.0,164.51,208.18,4001.06,241.08,167.73,156.98,148.61
596.0,165.52,201.1,3712.85,254.8,165.96,158.07,151.07
597.0,169.1,202.57,3290.06,261.79,171.04,162.21,152.27
598.0,166.01,196.26,2866.67,282.46,171.94,159.67,149.53
599.0,170.06,199.82,2531.25,293.73,173.65,160.36,149.92
600.0,163.97,202.02,2169.48,307.0,173.01,150.97,145.99
601.0,165.97,194.43,1876.45,325.6,173.65,155.48,150.48
602.0,166.39,191.22,1611.85,346.86,174.3,159.79,148.25
603.0,165.18,190.44,1379.56,361.98,176.6,152.43,152.36
604.0,168.23,190.11,1203.42,382.91,179.44,152.99,150.31
605.0,164.0,188.98,1055.29,408.3,187.92,164.09,151.66
606.0,168.61,179.94,926.23,436.51,181.27,158.94,152.32
607.0,166.65,183.25,800.77,456.46,187.37,148.1,150.8
608.0,166.18,181.09,690.34,498.4,194.31,162.27,151.75
609.0,166.38,180.19,604.65,512.74,189.7,159.43,149.3
610.0,164.7,182.07,514.39,554.61,202.38,156.92,151.31
611.0,167.86,180.4,470.21,590.19,203.26,171.36,154.7
612.0,163.11,172.15,405.27,632.55,205.99,171.01,153.58
613.0,167.12,175.84,373.26,690.09,208.04,158.03,150.38
614.0,166.5,172.28,348.16,737.93,214.83,160.21,149.43
615.0,168.03,175.77,314.76,800.99,227.79,169.57,151.89
616.0,168.71,175.14,288.96,886.18,229.36,168.65,158.29
617.0,161.48,172.28,267.77,982.1,236.13,162.86,148.64
618.0,164.31,179.81,257.92,1047.89,249.97,178.16,152.66
619.0,166.69,170.24,241.3,1183.1,256.51,153.58,146.84
620.0,169.06,173.53,230.34,1323.9,265.9,150.16,153.13
621.0,165.59,176.46,219.82,1473.03,285.97,155.11,147.47
622.0,174.41,171.16,210.67,1657.78,299.16,159.66,155.33
623.0,166.33,171.04,201.57,1830.95,310.26,155.1,146.76
624.0,163.87,169.05,198.95,2047.35,328.82,150.01,148.92
625.0,169.78,169.27,192.4,2284.55,355.85,152.75,146.63
626.0,166.05,170.51,188.14,2490.72,362.51,155.59,148.74
627.0,169.29,169.42,181.72,2769.01,390.06,156.59,154.46
628.0,161.64,172.91,185.03,2971.98,422.89,155.33,149.39
629.0,169.75,168.78,177.17,3217.78,456.37,183.98,155.22
630.0,169.42,174.19,182.59,3410.79,480.76,199.11,151.42
631.0,166.5,168.26,180.02,3655.08,521.0,155.3,151.91
632.0,167.95,166.95,176.63,3808.38,556.78,148.62,149.99
633.0,164.02,170.0,173.0,3888.78,601.97,147.04,151.0
634.0,168.03,169.73,170.76,3880.05,649.14,148.93,151.53
635.0,165.92,168.25,174.47,3687.58,714.6,152.66,145.99
636.0,170.85,166.92,173.42,3466.82,783.16,164.02,150.48
637.0,166.8,165.98,164.22,3100.16,849.35,154.76,148.65
638.0,164.64,170.28,168.5,2622.55,919.99,151.95,153.39
639.0,164.0,168.4,169.4,2182.08,1022.48,157.37,150.93
640.0,167.39,170.49,166.61,1814.86,1105.76,152.36,146.85
641.0,169.98,163.13,161.6,1479.72,1209.52,149.42,149.69
642.0,166.98,168.95,170.64,1243.03,1370.5,152.97,148.86
643.0,163.03,165.96,167.01,1039.47,1456.69,148.03,147.02
644.0,164.13,168.83,162.49,876.05,1652.2,173.68,153.35
645.0,161.99,168.21,165.45,762.67,1821.63,152.5,147.48
646.0,169.5,168.96,168.86,661.91,1975.27,152.08,149.82
647.0,165.65,169.24,165.97,575.94,2206.26,157.49,142.91
648.0,164.94,169.93,166.6,511.96,2409.8,148.84,145.42
649.0,165.31,165.76,162.67,440.69,2661.08,158.14,145.13
650.0,170.89,169.05,166.45,394.91,2891.43,156.18,148.47
651.0,169.38,164.26,168.11,342.98,3141.74,155.92,149.56
652.0,167.81,168.3,168.3,321.66,3417.52,154.44,154.88
653.0,167.34,167.99,166.11,294.15,3662.23,151.98,149.95
654.0,163.0,167.0,166.01,267.99,3791.11,155.99,153.0
655.0,168.02,168.89,161.82,252.29,3991.11,156.06,154.26
656.0,165.03,164.62,166.32,240.37,3978.82,153.38,149.66
657.0,167.34,167.95,163.4,223.45,3930.67,151.95,149.33
658.0,168.04,162.48,165.72,209.85,3856.18,150.08,146.24
659.0,163.92,164.55,161.87,202.87,3687.63,159.82,150.1
660.0,165.43,163.1,166.98,197.08,3564.2,158.28,151.92
661.0,164.93,164.31,165.24,188.98,3331.97,151.37,155.08
662.0,165.65,163.28,162.84,185.22,3141.35,150.81,151.51
663.0,164.92,164.99,163.34,183.68,2945.5,161.42,153.01
664.0,165.89,164.31,165.08,186.02,2744.35,153.02,149.83
665.0,166.38,164.39,167.67,179.22,2552.21,149.23,153.93
666.0,165.85,164.0,163.03,177.01,2410.94,157.96,146.08
667.0,165.99,165.97,168.01,176.96,2271.39,153.94,148.99
668.0,163.87,165.87,170.08,179.06,2126.53,175.34,158.82
669.0,165.28,165.7,165.45,174.68,2001.04,161.86,153.26
670.0,164.96,166.72,164.39,168.5,1848.72,150.27,150.21
671.0,168.75,164.52,161.94,171.58,1740.19,159.89,155.76
672.0,165.84,168.09,160.95,170.52,1615.5,154.73,149.77
673.0,161.59,165.36,168.18,170.09,1461.06,158.93,156.6
674.0,164.56,165.65,164.23,171.36,1321.84,148.91,151.19
675.0,169.6,168.59,162.82,164.48,1171.37,153.23,153.72
676.0,166.87,168.06,164.94,164.02,1046.63,153.31,153.24
677.0,170.54,164.72,163.99,164.8,938.86,149.89,155.56
678.0,163.07,167.71,161.3,167.6,833.9,156.18,151.17
679.0,166.75,163.51,164.37,165.51,728.37,153.24,153.28
680.0,165.2,163.28,164.46,163.5,658.37,155.05,148.31
681.0,160.89,167.68,162.31,164.98,578.83,153.0,152.12
682.0,158.16,164.82,164.07,166.12,510.48,153.88,154.15
683.0,168.01,167.99,165.99,163.01,455.04,155.02,154.99
684.0,164.04,168.19,169.75,168.9,420.99,186.83,162.6
685.0,166.41,164.61,165.81,167.09,388.81,179.3,154.75
686.0,165.02,164.05,163.77,164.57,342.28,155.4,150.21
687.0,167.25,168.77,168.56,168.17,320.57,187.67,160.21
688.0,163.33,164.59,162.04,161.84,291.82,153.41,150.71
689.0,166.3,162.69,166.08,161.64,269.99,149.26,150.61
690.0,163.95,170.13,161.84,164.93,251.12,148.18,148.83
691.0,166.3,173.6,167.63,165.52,246.02,190.72,159.23
692.0,160.99,164.29,163.86,160.6,230.81,171.89,157.58
693.0,167.54,167.04,167.68,163.48,226.0,187.57,157.07
694.0,168.54,161.14,160.68,163.14,214.02,156.19,148.77
695.0,169.81,166.0,163.86,166.82,208.05,154.73,149.01
696.0,166.02,167.03,166.33,164.06,201.92,151.14,150.11
697.0,165.48,165.84,165.81,161.4,193.08,148.73,145.93
698.0,162.21,166.79,168.72,164.0,195.99,173.4,157.04
699.0,167.32,162.06,159.96,161.64,181.46,155.72,150.75
700.0,178.94,160.83,160.79,165.77,180.45,161.78,152.85
701.0,160.78,165.21,164.31,165.07,179.23,152.99,151.08
702.0,168.6,168.69,162.88,161.77,177.15,162.85,150.79
703.0,167.97,165.74,161.36,165.34,172.72,159.49,152.23
704.0,163.91,164.97,159.96,162.04,172.82,150.04,149.95
705.0,164.07,162.1,162.93,164.79,179.96,183.93,160.04
706.0,165.87,169.2,164.95,165.9,170.91,148.94,150.08
707.0,166.06,160.88,163.94,163.09,163.97,155.7,149.02
708.0,170.0,166.01,162.0,162.99,170.0,157.99,152.98
709.0,164.04,164.99,164.01,156.05,160.86,164.89,145.68
710.0,169.23,168.29,161.78,163.12,168.91,185.71,161.87
711.0,166.05,167.9,166.93,166.43,164.84,155.66,149.85
712.0,161.96,163.61,162.68,162.74,167.83,155.04,150.89
713.0,164.33,162.04,159.88,163.22,161.84,148.46,147.43
714.0,173.56,165.45,166.6,163.43,164.87,147.77,152.84
715.0,162.54,166.63,162.12,159.61,169.48,149.2,148.63
716.0,168.16,164.28,161.81,164.43,168.23,150.34,151.74
717.0,164.18,165.57,164.17,159.52,165.11,147.14,149.7
718.0,154.9,161.52,161.45,163.09,170.0,154.27,147.4
719.0,162.09,164.01,163.97,169.93,164.3,158.8,154.04
720.0,164.07,168.06,165.43,162.02,162.24,157.45,151.14
721.0,167.84,164.83,164.15,163.44,170.83,153.43,151.55
722.0,166.05,164.95,164.62,163.39,163.48,152.2,150.19
723.0,167.69,158.31,161.07,163.46,163.22,147.03,150.34
724.0,168.76,163.97,159.14,162.65,161.5,152.61,155.71
725.0,166.9,163.39,162.25,160.97,169.09,156.13,155.31
726.0,163.31,165.14,162.32,163.72,163.77,151.17,153.85
727.0,167.63,163.8,165.2,161.65,156.34,153.76,149.91
728.0,164.29,169.22,160.97,164.26,163.15,157.8,151.69
729.0,168.59,165.62,164.17,161.29,160.77,148.71,149.97
730.0,165.67,166.86,164.78,162.33,165.62,150.86,148.7
731.0,169.35,162.82,167.89,166.09,162.42,153.79,153.24
732.0,168.3,164.41,166.28,165.07,163.07,150.57,149.18
733.0,166.9,163.3,163.62,163.22,166.15,150.54,149.32
734.0,166.21,161.92,162.51,162.03,164.82,154.05,151.75
735.0,164.7,164.03,160.68,161.63,160.02,147.03,147.73
736.0,166.84,162.26,161.8,160.3,147.79,147.68,148.43
737.0,167.14,159.94,163.28,159.51,160.61,133.13,145.59
738.0,166.1,165.89,160.31,164.98,160.9,141.61,150.62
739.0,167.51,164.3,163.85,162.28,161.45,159.95,151.27
740.0,169.18,166.09,163.96,162.81,160.21,153.35,149.37
741.0,165.58,164.99,161.25,162.47,161.03,154.51,149.82
742.0,162.77,161.8,159.88,165.22,161.13,146.84,149.53
743.0,165.41,170.46,167.08,164.76,163.27,152.53,149.49
744.0,168.96,164.73,163.42,160.01,161.19,153.26,149.79
745.0,166.09,163.29,165.67,165.12,160.07,151.0,151.21
746.0,167.82,166.18,162.59,164.98,161.25,155.74,155.95
747.0,166.17,162.43,160.52,164.09,161.13,154.05,152.74
748.0,168.72,164.89,164.11,162.13,164.98,149.54,152.01
749.0,163.17,164.86,165.82,164.01,164.35,151.73,154.55
750.0,167.25,170.95,159.03,160.15,161.89,155.51,147.05
751.0,164.06,165.85,159.95,162.05,157.85,156.77,154.01
752.0,164.01,167.0,166.03,163.05,160.99,151.02,150.0
753.0,164.03,165.94,167.94,163.96,163.99,155.91,152.0
754.0,165.9,162.0,162.19,165.58,143.92,157.35,154.21
755.0,166.86,164.04,159.81,166.04,160.16,145.26,147.2
756.0,166.68,167.14,163.98,159.37,163.09,161.95,148.59
757.0,168.26,164.79,165.3,166.15,163.3,171.57,153.53
758.0,164.62,166.95,169.67,165.29,173.58,243.36,166.98
759.0,163.53,165.76,160.06,162.94,166.32,152.7,152.98
760.0,168.54,164.26,161.8,164.46,163.01,152.75,150.82
761.0,167.69,164.81,163.09,164.51,160.54,153.34,150.93
762.0,165.22,166.2,164.64,160.72,161.76,152.46,151.74
763.0,163.55,165.15,164.78,159.83,157.55,150.73,148.44
764.0,165.09,164.28,158.67,160.31,161.23,153.4,152.7
765.0,166.82,163.35,162.88,162.27,163.56,150.97,155.65
766.0,167.02,165.49,162.77,166.84,164.18,149.64,152.9
767.0,176.76,162.93,165.72,165.71,161.62,152.18,153.48
768.0,165.35,160.25,165.1,162.41,161.94,150.98,151.41
769.0,161.85,161.1,160.73,159.03,162.11,146.3,153.22
770.0,162.3,165.89,160.39,155.8,159.94,152.14,148.57
771.0,166.41,163.53,158.65,162.3,158.28,150.72,150.45
772.0,167.81,163.17,164.36,162.36,163.3,149.91,148.01
773.0,170.43,161.69,162.55,163.18,164.47,157.44,155.96
774.0,168.16,166.05,164.82,164.84,161.96,149.57,151.94
775.0,162.05,161.86,161.93,169.87,163.01,151.7,147.27
776.0,165.0,163.0,163.0,161.0,160.99,147.98,150.99
777.0,166.05,166.11,167.91,162.05,160.2,156.52,148.06
778.0,163.68,168.75,165.67,163.57,166.02,157.89,155.89
779.0,165.15,165.76,168.81,161.74,164.44,157.69,148.86
780.0,163.4,166.0,164.82,164.8,162.69,153.27,154.91
781.0,169.62,165.99,164.08,161.41,163.47,158.28,152.79
782.0,163.79,160.16,164.38,163.43,159.65,152.92,150.4
783.0,165.65,159.75,163.56,160.07,163.2,153.4,157.32
784.0,165.12,166.61,162.8,160.8,161.48,152.37,154.44
785.0,162.09,165.87,161.48,164.08,163.72,151.7,149.87
786.0,167.2,165.76,163.65,163.96,161.8,151.72,152.88
787.0,168.1,167.89,163.92,159.87,160.98,150.79,152.92
788.0,166.45,163.21,162.69,163.66,164.52,154.74,154.93
789.0,166.7,164.1,162.79,159.46,163.99,152.93,153.94
790.0,161.73,164.91,160.01,159.9,163.35,156.89,148.19
791.0,165.02,166.03,163.98,161.97,164.96,150.87,151.14
792.0,169.04,165.82,164.07,163.91,161.67,161.13,155.93
793.0,166.78,165.44,157.99,165.09,160.97,152.89,147.47
794.0,167.01,171.5,159.92,161.92,161.95,153.77,152.34
795.0,167.29,167.28,166.67,158.45,163.14,160.29,154.17
796.0,167.02,162.94,161.18,159.53,159.45,146.02,150.23
797.0,167.01,164.7,161.41,161.45,163.99,150.68,151.91
798.0,163.21,164.08,164.87,160.78,159.98,152.48,147.97
799.0,163.44,160.95,164.34,163.8,165.88,149.64,150.15
800.0,162.08,168.43,165.27,162.21,164.28,153.55,152.57
801.0,158.41,168.68,170.67,164.18,166.31,164.07,152.36
802.0,167.64,164.09,163.67,162.82,170.93,168.96,153.01
803.0,161.12,158.07,164.97,166.02,162.08,159.01,151.1
804.0,162.96,163.46,162.98,160.86,159.99,161.05,154.42
805.0,162.19,164.25,164.49,161.35,163.51,154.88,150.85
806.0,167.58,167.77,162.42,162.15,162.22,152.47,154.35
807.0,163.0,163.17,159.18,158.46,160.13,151.71,155.98
808.0,166.01,167.89,160.67,163.28,159.52,151.49,152.27
809.0,165.62,167.92,163.69,162.07,164.78,162.99,155.3
810.0,167.8,166.34,161.18,163.55,165.19,155.75,152.14
811.0,164.06,165.3,166.73,164.96,166.55,173.98,156.49
812.0,162.36,166.23,165.7,163.35,165.86,164.11,157.66
813.0,165.76,165.93,161.84,160.08,168.14,171.23,154.16
814.0,167.02,166.91,161.53,161.9,157.47,148.68,150.57
815.0,165.81,164.52,162.23,159.58,163.08,155.48,153.88
816.0,164.53,162.11,164.94,158.45,162.38,152.89,152.44
817.0,161.97,161.58,167.39,161.92,163.9,146.85,146.75
818.0,165.86,166.06,166.42,161.58,163.99,154.26,154.28
819.0,165.36,160.25,165.62,161.17,167.03,171.35,156.45
820.0,162.99,161.63,164.74,166.62,165.91,195.71,167.35
821.0,166.18,167.9,166.15,164.93,160.04,153.78,153.96
822.0,164.14,163.42,166.29,162.12,159.13,155.27,153.99
823.0,161.95,167.56,164.93,163.28,161.53,153.32,154.2
824.0,162.92,162.92,162.11,158.77,162.32,152.94,149.61
825.0,160.38,161.93,165.82,163.0,164.04,166.36,160.84
826.0,165.02,165.89,164.5,158.85,163.62,151.93,153.32
827.0,168.59,163.94,160.44,162.05,164.32,159.3,156.65
828.0,168.67,166.18,159.7,163.55,168.17,176.54,163.21
829.0,161.99,164.15,162.1,162.98,164.13,147.08,160.08
830.0,166.78,165.18,163.66,164.53,167.29,157.34,162.18
831.0,162.99,166.43,163.63,161.94,164.24,154.0,159.81
832.0,170.49,164.05,166.87,159.98,165.99,153.17,154.29
833.0,161.37,163.78,162.03,162.45,162.85,149.98,159.89
834.0,166.48,163.73,164.41,159.14,164.0,153.29,156.0
835.0,162.41,167.84,166.38,162.9,165.26,187.12,169.53
836.0,165.13,163.0,165.16,164.45,168.02,151.01,162.49
837.0,162.73,163.01,160.9,157.63,161.99,163.82,163.89
838.0,166.07,162.03,166.84,164.18,168.36,196.73,173.78
839.0,162.69,160.17,162.35,163.45,164.14,155.84,168.79
840.0,167.82,163.29,166.07,164.69,164.43,151.27,172.68
841.0,163.65,166.67,161.3,160.99,164.54,154.43,167.86
842.0,164.94,162.83,164.29,164.99,166.6,158.03,179.86
843.0,163.98,165.97,160.06,163.87,169.02,153.43,173.27
844.0,169.63,162.33,161.64,160.67,167.54,156.17,175.63
845.0,166.28,164.7,163.43,156.79,162.73,153.1,180.54
846.0,167.47,165.65,168.82,161.07,161.37,158.44,183.01
847.0,165.32,161.99,166.23,164.6,166.2,163.42,184.46
848.0,165.9,168.01,161.81,162.09,162.65,150.86,180.19
849.0,166.02,160.23,162.02,162.1,165.58,154.76,190.73
850.0,165.02,164.38,168.4,162.08,161.04,151.06,188.95
851.0,169.96,163.54,162.46,161.37,167.34,154.12,193.05
852.0,162.77,165.98,164.81,160.29,166.18,150.45,196.49
853.0,166.92,169.1,162.67,161.81,167.07,152.58,198.46
854.0,164.81,162.46,161.07,162.08,163.83,151.79,206.85
855.0,165.8,163.11,164.61,168.57,166.79,177.44,212.8
856.0,165.75,164.79,161.19,165.21,166.91,156.92,217.13
857.0,166.71,163.31,169.49,159.27,170.56,170.79,216.66
858.0,169.94,162.15,162.52,162.88,167.3,151.88,220.13
859.0,163.35,165.65,168.39,162.79,168.7,156.5,221.16
860.0,166.73,161.41,161.96,158.4,166.33,152.91,220.07
861.0,172.06,162.9,160.98,159.0,171.91,155.09,227.88
862.0,166.38,165.05,164.54,161.67,166.9,157.44,231.5
863.0,165.79,165.68,163.94,158.18,172.81,164.45,234.97
864.0,165.05,163.55,164.39,161.46,167.2,162.82,240.93
865.0,166.22,164.26,168.67,160.19,166.05,153.07,243.38
866.0,167.46,167.73,161.93,162.6,168.84,160.41,251.72
867.0,164.48,168.68,165.21,158.04,160.12,150.72,248.67
868.0,166.09,164.9,162.74,159.16,164.38,159.1,257.37
869.0,163.83,159.14,165.95,162.81,169.59,162.26,262.15
870.0,164.25,161.97,164.68,161.82,169.07,155.44,267.5
871.0,165.41,162.71,161.55,161.91,170.35,148.69,278.84
872.0,163.82,161.89,159.95,155.96,166.19,153.79,283.28
873.0,162.52,164.51,166.94,160.1,173.67,153.52,287.71
874.0,165.84,163.51,162.48,164.45,179.54,148.93,300.81
875.0,167.45,166.18,161.26,160.29,174.24,152.78,298.94
876.0,162.09,162.96,162.88,164.77,174.43,159.58,310.74
877.0,163.92,160.14,162.77,160.3,174.21,157.05,329.81
878.0,166.22,164.35,159.03,162.34,174.72,148.43,334.43
879.0,163.01,164.6,164.06,161.97,171.63,154.7,347.71
880.0,167.4,166.46,165.21,160.15,172.34,155.05,365.5
881.0,169.08,166.16,161.35,163.58,169.81,151.1,366.76
882.0,163.12,163.24,160.47,161.78,174.99,156.21,386.96
883.0,163.07,163.85,164.71,162.66,173.76,160.19,401.63
884.0,166.62,164.43,165.32,164.78,163.33,156.72,413.71
885.0,167.76,162.44,165.53,165.85,174.59,159.85,435.95
886.0,165.98,161.99,157.98,160.99,179.98,151.92,459.11
887.0,168.17,159.62,164.73,166.32,175.44,154.64,480.25
888.0,167.37,166.39,158.12,161.22,173.2,153.26,507.82
889.0,165.78,163.81,164.17,162.66,172.57,150.8,521.99
890.0,164.94,159.68,161.92,161.68,175.84,148.62,547.15
891.0,166.13,165.39,164.11,162.26,175.26,159.75,559.2
892.0,162.72,164.11,159.9,161.16,169.82,153.25,597.86
893.0,163.11,163.35,164.65,165.8,177.79,154.1,637.46
894.0,163.63,162.01,174.96,163.87,173.86,151.58,666.49
895.0,162.95,167.38,162.9,161.29,177.12,150.06,700.45
896.0,166.4,163.32,165.15,166.3,174.13,145.8,734.98
897.0,168.01,168.94,165.06,162.99,174.54,151.75,795.02
898.0,165.8,165.63,162.83,164.7,176.12,158.04,821.55
899.0,165.17,163.0,163.16,159.97,169.76,151.73,877.93
900.0,166.91,163.14,162.98,163.92,176.81,170.46,929.46
901.0,164.2,167.04,162.21,165.03,175.31,155.52,985.62
902.0,165.64,161.6,166.22,160.44,169.9,162.3,1049.1
903.0,163.99,166.87,161.97,166.83,172.08,151.14,1112.14
904.0,166.33,163.81,162.82,162.36,169.95,151.72,1166.73
905.0,164.72,166.11,165.08,163.25,172.08,158.59,1242.79
906.0,165.76,165.82,159.85,165.92,170.08,150.14,1303.34
907.0,164.75,163.75,163.91,159.67,171.17,151.12,1384.79
908.0,165.85,165.85,164.33,163.63,169.89,156.07,1470.23
909.0,166.08,167.4,167.7,160.94,168.91,152.3,1570.48
910.0,163.44,167.39,166.18,162.02,167.34,150.51,1649.47
911.0,167.68,166.19,156.47,159.87,167.78,157.01,1754.41
912.0,172.23,165.01,162.04,162.7,168.89,156.85,1845.4
913.0,165.93,162.57,164.89,162.18,166.52,154.11,1930.29
914.0,164.92,166.27,165.49,168.15,165.21,157.18,2042.74
915.0,167.94,164.9,169.4,163.3,167.78,153.72,2120.73
916.0,167.21,164.46,161.51,165.37,167.2,166.52,2260.82
917.0,169.57,166.23,165.67,161.34,159.25,154.55,2336.56
918.0,165.97,164.91,165.05,160.04,169.07,148.93,2409.43
919.0,162.22,168.58,165.96,164.17,166.43,156.43,2541.78
920.0,164.26,161.97,161.92,159.73,164.61,152.81,2648.66
921.0,167.12,161.48,162.43,163.5,162.91,158.08,2793.2
922.0,162.26,169.01,161.86,161.52,165.81,157.1,2856.65
923.0,166.14,163.23,163.61,162.58,162.72,148.91,2946.69
924.0,167.76,164.28,163.72,157.13,161.7,164.29,3091.56
925.0,167.0,165.94,168.93,163.89,166.86,152.27,3172.1
926.0,161.78,161.71,163.46,159.77,163.47,155.78,3226.79
927.0,165.01,169.18,165.48,161.92,165.54,162.01,3358.32
928.0,169.15,168.64,161.75,162.15,165.55,176.42,3411.17
929.0,168.67,164.14,166.9,159.89,167.14,174.56,3476.11
930.0,165.59,160.74,164.46,163.38,161.71,155.11,3552.71
931.0,162.2,161.66,170.51,164.79,159.51,155.95,3617.02
932.0,164.83,167.18,166.31,157.88,165.27,152.91,3655.65
933.0,165.47,163.44,158.37,161.8,163.57,154.96,3688.75
934.0,162.95,165.61,163.98,157.77,161.79,156.82,3743.86
935.0,162.96,166.0,154.1,163.97,160.05,160.84,3778.11
936.0,165.45,165.98,167.32,161.01,159.42,148.35,3799.5
937.0,166.12,165.41,160.74,161.12,163.67,153.71,3816.49
938.0,165.05,162.93,167.92,166.02,162.11,152.03,3821.6
939.0,168.61,163.86,162.16,161.87,162.89,152.66,3801.63
940.0,170.23,167.77,165.57,166.96,159.9,164.65,3762.08
941.0,165.0,163.99,161.81,160.21,161.83,155.13,3747.96
942.0,164.49,167.05,162.51,161.47,162.22,154.3,3706.44
943.0,164.34,167.58,159.39,161.14,162.07,153.57,3664.67
944.0,162.75,165.23,165.05,162.83,162.37,157.66,3616.46
945.0,165.19,160.45,162.18,162.73,164.2,149.45,3578.5
946.0,163.79,163.3,161.89,163.44,161.8,149.28,3557.46
947.0,165.97,157.3,165.57,161.03,167.07,155.21,3456.93
948.0,163.18,165.91,167.34,164.3,165.52,167.43,3354.61
949.0,167.47,161.39,158.22,155.91,164.81,150.14,3299.52
950.0,164.96,162.17,162.98,161.65,156.58,148.49,3204.29
951.0,165.95,163.97,160.94,161.61,160.16,150.97,3129.29
952.0,164.57,166.22,159.67,159.74,161.23,146.76,3019.9
953.0,164.72,162.77,163.17,165.05,161.43,153.49,2903.49
954.0,165.6,163.69,161.94,162.31,160.49,164.75,2827.61
955.0,165.07,164.56,159.91,158.37,159.93,157.82,2734.58
956.0,167.03,166.04,165.0,159.99,162.03,153.01,2639.4
957.0,163.79,158.38,162.63,164.44,162.57,153.82,2526.96
958.0,165.11,166.54,164.97,163.24,156.32,149.5,2411.11
959.0,165.85,165.05,162.88,163.64,164.99,157.82,2318.28
960.0,163.99,164.77,169.02,161.92,160.69,172.07,2209.37
961.0,163.36,163.81,165.4,158.44,159.76,146.51,2123.86
962.0,163.09,164.99,157.58,164.3,160.74,145.98,2026.78
963.0,167.99,166.54,162.56,162.9,163.47,158.07,1933.29
964.0,164.31,164.33,160.92,156.88,164.08,155.0,1814.29
965.0,166.69,164.47,164.7,162.91,161.49,156.6,1717.39
966.0,168.0,165.97,162.24,165.17,160.64,154.33,1650.27
967.0,166.0,166.02,166.0,167.0,158.0,157.03,1553.23
968.0,165.5,165.06,161.07,160.21,163.47,149.07,1462.51
969.0,166.15,163.52,161.08,162.67,163.6,157.85,1384.26
970.0,169.59,160.62,161.17,163.21,162.25,153.7,1308.12
971.0,166.41,162.18,162.6,164.28,163.43,152.84,1239.97
972.0,164.09,162.79,165.05,161.83,165.54,150.77,1169.15
973.0,165.77,162.99,163.31,162.02,162.9,159.68,1104.24
974.0,165.15,167.56,163.65,163.37,160.84,162.45,1035.04
975.0,167.64,163.77,164.76,162.96,162.16,162.0,994.31
976.0,168.3,166.8,163.76,159.64,164.34,153.78,937.91
977.0,167.79,166.19,164.2,163.43,162.83,154.05,877.12
978.0,168.38,167.52,163.22,159.96,162.26,152.72,827.9
979.0,165.14,164.36,162.23,158.58,165.08,164.64,791.36
980.0,167.06,162.93,161.87,164.16,159.94,155.0,745.08
981.0,169.44,162.31,165.5,162.61,161.64,149.4,694.86
982.0,166.38,163.43,164.76,158.29,157.3,159.65,656.77
983.0,164.43,169.61,159.47,162.35,159.14,147.52,633.3
984.0,168.25,167.85,163.51,164.98,160.52,156.21,612.21
985.0,168.58,165.79,166.78,161.28,162.02,161.82,567.58
986.0,164.14,165.94,164.01,159.18,164.14,150.49,526.74
987.0,168.16,162.07,161.95,159.2,165.7,153.91,510.26
988.0,166.68,165.2,164.94,162.89,158.66,159.22,482.29
989.0,163.57,160.53,165.65,157.06,160.42,149.96,457.15
990.0,165.69,165.68,161.0,158.73,158.75,156.16,428.81
991.0,166.85,165.48,162.46,164.6,163.23,161.0,412.69
992.0,167.96,160.8,163.09,161.76,165.81,176.88,402.88
993.0,166.59,165.62,165.86,161.27,162.22,148.84,371.82
994.0,164.36,167.14,162.71,162.04,161.24,154.02,349.07
995.0,167.06,164.2,161.93,163.39,161.25,151.94,334.38
996.0,168.03,161.94,161.91,162.71,162.39,150.23,327.85
997.0,169.85,165.51,161.41,163.16,163.71,152.87,320.36
998.0,163.56,164.39,163.25,161.05,167.39,155.57,304.49
999.0,163.9,159.35,164.72,160.61,161.0,153.37,290.28
1000.0,164.63,165.69,163.35,160.82,166.38,148.21,279.68
